{"spot_diameter_fullres": 96.3779209567421, "tissue_hires_scalef": 0.150015, "fiducial_diameter_fullres": 144.56688143511315, "tissue_lowres_scalef": 0.045004502}