{"spot_diameter_fullres": 96.36089958505312, "tissue_hires_scalef": 0.150015, "fiducial_diameter_fullres": 144.54134937757965, "tissue_lowres_scalef": 0.045004502}