{"spot_diameter_fullres": 96.37890036828857, "tissue_hires_scalef": 0.150015, "fiducial_diameter_fullres": 144.56835055243283, "tissue_lowres_scalef": 0.045004502}