{"spot_diameter_fullres": 96.38644715313141, "tissue_hires_scalef": 0.150015, "fiducial_diameter_fullres": 144.5796707296971, "tissue_lowres_scalef": 0.045004502}