{"spot_diameter_fullres": 96.39297012575229, "tissue_hires_scalef": 0.150015, "fiducial_diameter_fullres": 144.58945518862842, "tissue_lowres_scalef": 0.045004502}