{"spot_diameter_fullres": 96.37511184430237, "tissue_hires_scalef": 0.150015, "fiducial_diameter_fullres": 144.56266776645353, "tissue_lowres_scalef": 0.045004502}