{"spot_diameter_fullres": 97.24346019692305, "tissue_hires_scalef": 0.150015, "fiducial_diameter_fullres": 145.8651902953846, "tissue_lowres_scalef": 0.045004502}