{"spot_diameter_fullres": 96.366076971651, "tissue_hires_scalef": 0.150015, "fiducial_diameter_fullres": 144.5491154574765, "tissue_lowres_scalef": 0.045004502}