{"spot_diameter_fullres": 96.8900012037373, "tissue_hires_scalef": 0.150015, "fiducial_diameter_fullres": 145.33500180560594, "tissue_lowres_scalef": 0.045004502}