{"spot_diameter_fullres": 96.40082438014726, "tissue_hires_scalef": 0.150015, "fiducial_diameter_fullres": 144.6012365702209, "tissue_lowres_scalef": 0.045004502}