Layer,SZCD,MDD,ASD,BPD
Layer1,0.98471,0.24473,0.093348,0.21174
Layer2,4.58E-05,0.016216,0.59009,0.0044922
Layer3,0.20443,0.66562,0.90237,0.12687
Layer4,0.040892,0.35155,0.33927,0.08966
Layer5,0.001076,0.26057,0.5654,0.12664
Layer6,0.025842,0.057663,0.09464,0.02619
WM,0.028325,0.74234,0.20118,0.48045
