{"spot_diameter_fullres": 96.36956627416598, "tissue_hires_scalef": 0.150015, "fiducial_diameter_fullres": 144.55434941124898, "tissue_lowres_scalef": 0.045004502}