{"spot_diameter_fullres": 96.38356730700866, "tissue_hires_scalef": 0.150015, "fiducial_diameter_fullres": 144.575350960513, "tissue_lowres_scalef": 0.045004502}